text,label,author_id,timestamp
comeÃ§ando no Python. Achei bem interessante.,0,u0533,2024-05-16 20:55:00
assistindo a sÃ©rie nova #tecnologia,0,u0558,2024-12-20 16:57:00
"vizinho tocando funk 3am, amo, esperando sÃ³ umas 27 horas!! ğŸ˜",1,u0336,2025-03-28 08:11:00
finalmente chovendo aqui. Boa semana a todos.,0,u0356,2024-07-03 04:49:00
"Ai, "" SP sem trÃ¢nsito numa segunda "" nota 1000!! ğŸ‘",1,u0585,2025-06-03 08:52:00
indo trabalhar agora #tecnologia,0,u0553,2024-04-16 18:47:00
"Adoro quando servidor reiniciou sozinho, sucesso.",1,u0510,2025-04-25 14:39:00
"""que gestÃ£o exemplar da cidade"" #aham ğŸ”¥ #bbb",1,u0440,2025-02-23 20:09:00
foco no TCC. Achei bem interessante.,0,u0417,2025-01-31 17:07:00
finalmente chovendo aqui,0,u0067,2024-09-13 06:40:00
comeÃ§ando no Python. Boa semana a todos.,0,u0579,2025-06-22 12:20:00
promoÃ§Ã£o legal na loja do bairro #streaming,0,u0310,2025-07-18 04:39:00
partiu academia #feriado,0,u0020,2025-02-13 23:28:00
partiu academia,0,u0240,2024-05-23 16:18:00
"bom dia, pessoal ğŸŒ§ï¸",0,u0504,2024-07-31 17:20:00
"Ai, "" que gestÃ£o exemplar da cidade "" que alegriaâ€¦ ğŸ™„ âœ¨",1,u0146,2024-12-02 21:54:00
partiu academia. Boa semana a todos.,0,u0127,2024-01-27 11:35:00
"preÃ§o baixou muito esse mÃªs. tudo sob controle, nÃ© ğŸ”¥ #trabalho",1,u0596,2024-08-10 01:37:00
"fila do banco Ã s 17h, que sorte aham tÃ¡ ğŸ˜… #feriado",1,u0381,2024-12-02 04:42:00
comeÃ§ando no Python. Achei bem interessante.,0,u0158,2025-08-14 07:46:00
Ã³tima aula hoje. Boa semana a todos.,0,u0446,2025-06-22 13:49:00
finalmente chovendo aqui. Boa semana a todos.,0,u0191,2024-03-15 22:03:00
"""o debate elevou o nÃ­vel, nÃ©"" #sqn ğŸ˜…",1,u0083,2024-08-28 12:07:00
"jogo Ã s 21h, vamos!. Boa semana a todos.",0,u0323,2024-02-13 23:55:00
partiu academia,0,u0038,2025-09-03 15:16:00
Ã³tima aula hoje. Boa semana a todos.,0,u0104,2024-04-12 21:49:00
"time adversÃ¡rio nunca cai no chÃ£o, coisa mais rÃ¡pida do universo!! ğŸ™„ #bbb",1,u0118,2025-09-02 00:17:00
adoro pagar imposto pra isso aham tÃ¡ ğŸ”¥,1,u0288,2025-01-05 02:27:00
cafÃ© passado na hora. Boa semana a todos.,0,u0039,2024-11-11 23:01:00
"""wifi do aeroporto Ã© um foguete"" #sarcasmo ğŸ˜… #tecnologia",1,u0197,2025-02-10 17:23:00
conta de luz veio baixinha aham tÃ¡ ğŸ”¥ #chuva,1,u0481,2024-08-31 14:39:00
"jogo Ã s 21h, vamos! #trabalho",0,u0224,2025-01-03 16:56:00
foco no TCC ğŸŒ§ï¸,0,u0567,2024-03-01 16:02:00
foco no TCC. Boa semana a todos.,0,u0343,2024-04-10 23:30:00
"""suporte respondeu em 2 segundos"" #sarcasmo ğŸ‘",1,u0433,2025-04-15 22:09:00
assistindo a sÃ©rie nova. Boa semana a todos.,0,u0512,2025-06-29 10:34:00
"wifi do aeroporto Ã© um foguete, esperando sÃ³ umas 27 horas!! ğŸ˜ #feriado",1,u0071,2024-06-05 22:13:00
"Ai, "" time adversÃ¡rio nunca cai no chÃ£o "" que alegriaâ€¦ ğŸ™„ ğŸ¤¡ #chuva",1,u0480,2025-09-04 01:50:00
finalmente chovendo aqui,0,u0008,2024-07-14 09:22:00
"transparÃªncia nÃ­vel mÃ¡ximo. tudo sob controle, nÃ© âœ¨",1,u0529,2025-02-09 09:47:00
"time adversÃ¡rio nunca cai no chÃ£o, fila de uns 3 km!! ğŸ˜‚",1,u0258,2025-03-05 21:37:00
"""ingresso baratinho"" #sÃ³quenÃ£o ğŸ˜",1,u0266,2024-06-06 05:11:00
"jogo Ã s 21h, vamos! #streaming",0,u0484,2024-03-19 18:08:00
Adoro quando deploy de sexta Ã© tranquilo. #timÃ£o,1,u0470,2025-09-15 20:10:00
"""preÃ§o baixou muito esse mÃªs"" #sarcasmo ğŸ˜‚",1,u0424,2024-02-23 11:14:00
mais uma promessa cumprida. o que poderia dar errado? ğŸ‘,1,u0023,2025-07-23 01:37:00
o Ã´nibus chegou no horÃ¡rio. Boa semana a todos.,0,u0009,2025-03-13 16:20:00
"Ai, "" que gestÃ£o exemplar da cidade "" nota 1000!! ğŸ˜",1,u0317,2024-05-10 19:34:00
arrumei meu PC hoje. Achei bem interessante.,0,u0175,2024-03-16 04:20:00
indo trabalhar agora. Achei bem interessante.,0,u0174,2024-06-05 09:10:00
Adoro quando transmissÃ£o sem travar.,1,u0251,2024-10-23 03:25:00
"mais uma promessa cumprida. tudo sob controle, nÃ© ğŸ˜… #tecnologia",1,u0133,2025-06-02 08:08:00
comeÃ§ando no Python. Boa semana a todos.,0,u0147,2025-01-18 12:28:00
cafÃ© passado na hora ğŸ“š,0,u0151,2024-12-01 16:28:00
"Ai, "" transmissÃ£o sem travar "" tÃ¡ Ã³timo ğŸ˜’ #timÃ£o",1,u0010,2024-08-28 20:43:00
finalmente chovendo aqui ğŸ‘,0,u0514,2024-02-02 21:26:00
indo trabalhar agora ğŸŒ,0,u0267,2025-05-15 02:57:00
Adoro quando adoro pagar imposto pra isso.,1,u0145,2025-05-13 16:42:00
assistindo a sÃ©rie nova. Achei bem interessante.,0,u0335,2025-04-24 08:12:00
comeÃ§ando no Python. Achei bem interessante.,0,u0575,2025-01-24 04:52:00
alguÃ©m indica um livro de IA? #bbb,0,u0203,2025-04-19 01:35:00
"""acordei e o cafÃ© derramou no teclado"" #sÃ³quenÃ£o ğŸ™„ #timÃ£o",1,u0111,2025-07-12 02:37:00
"conta de luz veio baixinha, economizei uns trilhÃµes!! ğŸ™„",1,u0369,2025-02-20 06:06:00
finalmente chovendo aqui,0,u0429,2024-02-18 07:26:00
"time adversÃ¡rio nunca cai no chÃ£o, economizei uns trilhÃµes!! ğŸ”¥",1,u0260,2024-10-31 18:27:00
Adoro quando deploy de sexta Ã© tranquilo. #trabalho,1,u0593,2024-05-20 20:06:00
comeÃ§ando no Python ğŸ™‚,0,u0176,2025-08-09 22:07:00
cafÃ© passado na hora #bbb,0,u0114,2025-07-18 20:37:00
"fila do mercado voando, fila de uns 3 km!! ğŸ¤¡",1,u0357,2024-01-01 09:18:00
cafÃ© passado na hora. Achei bem interessante.,0,u0280,2024-06-28 20:43:00
finalmente chovendo aqui,0,u0060,2024-10-29 11:39:00
suco de laranja perfeito #bbb,0,u0412,2024-06-27 11:32:00
"""conta de luz veio baixinha"" #sarcasmo ğŸ˜’ #chuva",1,u0463,2024-11-12 05:13:00
assistindo a sÃ©rie nova ğŸ‘,0,u0387,2024-06-03 00:13:00
promoÃ§Ã£o legal na loja do bairro. Achei bem interessante.,0,u0254,2024-01-12 08:41:00
"transmissÃ£o sem travar. tudo sob controle, nÃ© ğŸ˜’",1,u0109,2024-02-12 14:58:00
alguÃ©m indica um livro de IA? ğŸ’»,0,u0006,2025-06-11 14:31:00
Adoro quando time adversÃ¡rio nunca cai no chÃ£o. #chuva,1,u0003,2025-03-24 16:28:00
comeÃ§ando no Python,0,u0032,2025-04-05 14:43:00
Adoro quando mais uma promessa cumprida.,1,u0536,2024-08-22 02:57:00
"jogo Ã s 21h, vamos! #estudos",0,u0068,2025-05-10 06:15:00
"""conta de luz veio baixinha"" #sÃ³quenÃ£o ğŸ˜‚ #streaming",1,u0164,2025-05-29 16:10:00
"deploy de sexta Ã© tranquilo. isso que Ã© eficiÃªncia, certo? ğŸ™„",1,u0159,2024-04-11 21:23:00
mais uma promessa cumprida sqn ğŸ˜‚,1,u0408,2024-10-05 14:42:00
comeÃ§ando no Python #trabalho,0,u0448,2025-05-15 23:41:00
"suporte respondeu em 2 segundos, economizei uns trilhÃµes!! âœ¨ #promoÃ§Ã£o",1,u0321,2024-04-26 11:27:00
"Ai, "" acordei e o cafÃ© derramou no teclado "" tÃ¡ Ã³timo ğŸ˜‚",1,u0178,2024-05-14 02:58:00
"Ã¡rbitro viu tudo certinho, fila de uns 3 km!! ğŸ¤¡",1,u0453,2024-09-20 15:51:00
"entrega chegou antes do prazo, atendimento nÃ­vel NASA!! ğŸ‘",1,u0285,2024-03-12 01:42:00
finalmente chovendo aqui. Achei bem interessante.,0,u0320,2024-11-01 07:19:00
partiu academia #estudos,0,u0405,2024-07-16 05:39:00
finalmente chovendo aqui ğŸ‘,0,u0347,2025-09-22 23:37:00
Adoro quando transmissÃ£o sem travar. #timÃ£o,1,u0166,2024-10-17 16:42:00
"Ai, "" transparÃªncia nÃ­vel mÃ¡ximo "" perfeito sÃ³ que nÃ£o ğŸ‘ #brasil",1,u0211,2025-06-30 04:17:00
Adoro quando conta de luz veio baixinha.,1,u0494,2024-11-26 20:20:00
"vizinho tocando funk 3am, amo. quem nunca, nÃ©? ğŸ™„",1,u0587,2025-05-09 03:15:00
mais uma promessa cumprida aham tÃ¡ ğŸ˜,1,u0110,2025-03-08 19:04:00
"fila do banco Ã s 17h, que sorte. isso que Ã© eficiÃªncia, certo? ğŸ™„ #brasil",1,u0077,2024-04-19 13:14:00
Adoro quando mais uma promessa cumprida.,1,u0415,2024-09-02 22:10:00
cafÃ© passado na hora ğŸ§ ,0,u0325,2024-11-03 08:03:00
"acordei e o cafÃ© derramou no teclado, economizei uns trilhÃµes!! ğŸ¤¡",1,u0085,2024-08-23 19:51:00
"""acordei e o cafÃ© derramou no teclado"" #sarcasmo ğŸ‘",1,u0073,2024-04-21 07:12:00
Adoro quando app nÃ£o caiu hoje.,1,u0265,2024-04-02 19:38:00
"Ai, "" conta de luz veio baixinha "" topÃ­ssimo!! ğŸ™„",1,u0138,2024-08-18 06:09:00
Ã³tima aula hoje. Boa semana a todos.,0,u0570,2024-03-30 21:54:00
assistindo a sÃ©rie nova. Boa semana a todos.,0,u0319,2025-03-01 15:29:00
alguÃ©m indica um livro de IA?,0,u0142,2024-07-23 01:20:00
"adoro pagar imposto pra isso. quem nunca, nÃ©? ğŸ¤¡ #bbb",1,u0245,2025-04-30 02:05:00
"""backup terminou sem erro"" #sÃ³quenÃ£o ğŸ”¥",1,u0094,2024-02-28 11:53:00
foco no TCC #bbb,0,u0342,2024-01-15 23:21:00
"Ai, "" o debate elevou o nÃ­vel, nÃ© "" que alegriaâ€¦ ğŸ™„ ğŸ˜… #bbb",1,u0370,2025-04-09 00:46:00
"pneu furado bem na chuva. isso que Ã© eficiÃªncia, certo? ğŸ˜ #tecnologia",1,u0056,2025-07-28 17:16:00
Adoro quando garantia funciona perfeitamente. #promoÃ§Ã£o,1,u0542,2024-12-28 02:25:00
cafÃ© passado na hora #feriado,0,u0541,2024-11-17 20:17:00
alguÃ©m indica um livro de IA? #estudos,0,u0528,2024-05-27 10:55:00
"jogo Ã s 21h, vamos!. Achei bem interessante.",0,u0095,2025-07-29 03:20:00
"Ai, "" preÃ§o baixou muito esse mÃªs "" ameiâ€¦ ğŸ™„",1,u0078,2024-12-10 03:05:00
partiu academia. Achei bem interessante.,0,u0500,2025-07-26 06:30:00
Ã³tima aula hoje. Boa semana a todos.,0,u0451,2024-06-19 22:28:00
"""Ã¡rbitro viu tudo certinho"" #sÃ³quenÃ£o ğŸ™„",1,u0090,2025-07-28 19:39:00
time adversÃ¡rio nunca cai no chÃ£o sqn ğŸ”¥ #estudos,1,u0371,2025-06-21 19:18:00
"Ai, "" preÃ§o baixou muito esse mÃªs "" ameiâ€¦ ğŸ˜…",1,u0538,2024-06-16 09:06:00
"Ã¡rbitro viu tudo certinho. tudo sob controle, nÃ© ğŸ˜’ #promoÃ§Ã£o",1,u0156,2024-12-04 11:44:00
alguÃ©m indica um livro de IA?,0,u0389,2025-05-05 07:44:00
mais uma promessa cumprida sÃ³ que nÃ£o ğŸ˜…,1,u0196,2025-08-12 06:45:00
suco de laranja perfeito #promoÃ§Ã£o,0,u0339,2025-02-11 17:30:00
"bom dia, pessoal. Achei bem interessante.",0,u0300,2024-09-28 20:13:00
alguÃ©m indica um livro de IA?,0,u0334,2024-04-12 13:21:00
"acordei e o cafÃ© derramou no teclado. isso que Ã© eficiÃªncia, certo? ğŸ‘",1,u0034,2024-04-21 14:32:00
"pneu furado bem na chuva, fila de uns 3 km!! ğŸ‘",1,u0210,2025-03-28 21:13:00
"que gestÃ£o exemplar da cidade. quem nunca, nÃ©? ğŸ˜’",1,u0562,2024-03-04 06:53:00
"Ai, "" que gestÃ£o exemplar da cidade "" nota 1000!! âœ¨",1,u0540,2024-02-25 21:41:00
assistindo a sÃ©rie nova,0,u0391,2025-07-17 05:26:00
Ã´nibus lotado Ã© meu spa diÃ¡rio. o que poderia dar errado? ğŸ”¥,1,u0205,2024-10-13 01:44:00
comeÃ§ando no Python. Achei bem interessante.,0,u0466,2025-04-13 02:07:00
alguÃ©m indica um livro de IA?. Achei bem interessante.,0,u0248,2025-03-02 05:42:00
Adoro quando suporte respondeu em 2 segundos. #streaming,1,u0594,2024-03-16 02:20:00
"conta de luz veio baixinha. tudo sob controle, nÃ© âœ¨ #bbb",1,u0119,2025-06-05 15:05:00
"bom dia, pessoal. Achei bem interessante.",0,u0221,2024-06-06 21:28:00
"mais uma promessa cumprida, atendimento nÃ­vel NASA!! ğŸ˜",1,u0236,2025-05-17 03:55:00
arrumei meu PC hoje #brasil,0,u0432,2024-08-11 18:04:00
partiu academia ğŸ‘,0,u0204,2025-04-13 01:18:00
alguÃ©m indica um livro de IA?,0,u0515,2025-03-27 10:26:00
"bom dia, pessoal",0,u0434,2024-05-20 22:21:00
indo trabalhar agora #trabalho,0,u0337,2024-11-09 14:38:00
"""transparÃªncia nÃ­vel mÃ¡ximo"" #sÃ³quenÃ£o âœ¨ #tecnologia",1,u0350,2025-08-03 22:20:00
"Ai, "" deploy de sexta Ã© tranquilo "" ameiâ€¦ ğŸ˜…",1,u0401,2024-04-26 16:32:00
Ã³tima aula hoje #chuva,0,u0272,2025-02-12 04:48:00
promoÃ§Ã£o legal na loja do bairro. Achei bem interessante.,0,u0479,2024-02-10 02:12:00
indo trabalhar agora. Boa semana a todos.,0,u0513,2025-01-14 02:34:00
"preÃ§o baixou muito esse mÃªs, atendimento nÃ­vel NASA!! ğŸ˜‚ #estudos",1,u0539,2025-08-24 00:48:00
"bom dia, pessoal. Boa semana a todos.",0,u0308,2024-12-18 22:04:00
arrumei meu PC hoje. Achei bem interessante.,0,u0394,2024-09-08 15:35:00
suco de laranja perfeito #brasil,0,u0410,2024-01-10 09:36:00
Adoro quando adoro pagar imposto pra isso. #estudos,1,u0372,2025-08-16 21:31:00
"""trÃ¢nsito fluindo que Ã© uma beleza"" #ironia ğŸ”¥",1,u0185,2025-06-29 04:08:00
partiu academia. Achei bem interessante.,0,u0256,2025-03-02 19:40:00
alguÃ©m indica um livro de IA? ğŸŒ,0,u0263,2024-03-24 16:28:00
promoÃ§Ã£o legal na loja do bairro,0,u0482,2024-12-09 09:29:00
"jogo Ã s 21h, vamos!. Achei bem interessante.",0,u0368,2024-10-07 09:07:00
trÃ¢nsito fluindo que Ã© uma beleza. o que poderia dar errado? ğŸ˜’ #timÃ£o,1,u0177,2025-04-12 04:51:00
partiu academia #bbb,0,u0551,2024-02-15 11:34:00
o Ã´nibus chegou no horÃ¡rio,0,u0278,2025-04-07 05:57:00
"""time adversÃ¡rio nunca cai no chÃ£o"" #sarcasmo ğŸ‘",1,u0299,2024-11-02 20:27:00
Adoro quando transmissÃ£o sem travar.,1,u0080,2024-04-03 15:22:00
"""servidor reiniciou sozinho, sucesso"" #ironia ğŸ‘",1,u0213,2024-11-10 07:03:00
"servidor reiniciou sozinho, sucesso sqn ğŸ˜ #trabalho",1,u0395,2024-04-13 16:49:00
comeÃ§ando no Python. Achei bem interessante.,0,u0228,2025-08-11 07:45:00
"adoro pagar imposto pra isso, atendimento nÃ­vel NASA!! ğŸ˜…",1,u0556,2024-11-03 16:19:00
partiu academia #tecnologia,0,u0169,2025-05-15 10:30:00
alguÃ©m indica um livro de IA? ğŸŒ§ï¸,0,u0502,2024-10-04 17:44:00
o Ã´nibus chegou no horÃ¡rio,0,u0403,2024-02-19 00:26:00
o Ã´nibus chegou no horÃ¡rio,0,u0017,2025-03-17 04:56:00
o Ã´nibus chegou no horÃ¡rio. Boa semana a todos.,0,u0471,2025-01-19 02:43:00
arrumei meu PC hoje #bbb,0,u0544,2024-07-19 10:14:00
"bom dia, pessoal. Achei bem interessante.",0,u0238,2025-05-06 05:33:00
"""trÃ¢nsito fluindo que Ã© uma beleza"" #ironia ğŸ‘ #bbb",1,u0498,2025-08-01 06:04:00
suporte respondeu em 2 segundos sÃ³ que nÃ£o ğŸ˜‚ #brasil,1,u0438,2025-02-03 08:59:00
"""Ã¡rbitro viu tudo certinho"" #sqn ğŸ˜…",1,u0301,2025-03-02 19:38:00
"motorista dando seta sempre, fila de uns 3 km!! ğŸ¤¡",1,u0091,2025-04-24 22:19:00
alguÃ©m indica um livro de IA? ğŸ™‚,0,u0486,2025-06-27 07:40:00
app nÃ£o caiu hoje sqn ğŸ˜,1,u0229,2024-06-09 00:26:00
o Ã´nibus chegou no horÃ¡rio ğŸ™‚,0,u0397,2025-02-10 15:11:00
suco de laranja perfeito,0,u0520,2024-03-08 09:25:00
"Ai, "" trÃ¢nsito fluindo que Ã© uma beleza "" show de bola!! ğŸ˜ #bbb",1,u0406,2025-03-07 16:07:00
"o debate elevou o nÃ­vel, nÃ©. tudo sob controle, nÃ© ğŸ™„",1,u0132,2025-08-20 04:14:00
cafÃ© passado na hora #timÃ£o,0,u0488,2025-01-30 16:28:00
time adversÃ¡rio nunca cai no chÃ£o. o que poderia dar errado? ğŸ™„,1,u0279,2024-12-23 00:26:00
"o debate elevou o nÃ­vel, nÃ© sqn ğŸ˜",1,u0430,2024-04-27 18:13:00
"transmissÃ£o sem travar. isso que Ã© eficiÃªncia, certo? ğŸ¤¡ #tecnologia",1,u0427,2024-03-29 08:56:00
arrumei meu PC hoje #trabalho,0,u0552,2024-01-17 11:50:00
"bom dia, pessoal. Boa semana a todos.",0,u0306,2025-07-12 09:41:00
Adoro quando fila do mercado voando.,1,u0287,2024-10-03 19:51:00
Adoro quando deploy de sexta Ã© tranquilo. #timÃ£o,1,u0376,2024-04-12 14:10:00
"servidor reiniciou sozinho, sucesso, fila de uns 3 km!! ğŸ˜… #estudos",1,u0249,2024-07-13 08:02:00
indo trabalhar agora #streaming,0,u0153,2024-09-19 23:30:00
pneu furado bem na chuva. imagina se fosse difÃ­cil âœ¨ #streaming,1,u0535,2025-02-12 13:46:00
"fila do mercado voando. tudo sob controle, nÃ© âœ¨ #streaming",1,u0599,2024-11-28 05:31:00
partiu academia,0,u0050,2024-03-17 21:40:00
"jogo Ã s 21h, vamos! ğŸ’»",0,u0115,2025-05-05 20:11:00
o Ã´nibus chegou no horÃ¡rio,0,u0522,2024-12-05 08:07:00
suco de laranja perfeito. Achei bem interessante.,0,u0018,2024-02-12 00:05:00
"""backup terminou sem erro"" #aham âœ¨ #timÃ£o",1,u0200,2025-04-17 03:41:00
"bom dia, pessoal. Boa semana a todos.",0,u0444,2025-04-26 01:40:00
"pneu furado bem na chuva, coisa mais rÃ¡pida do universo!! âœ¨ #estudos",1,u0576,2025-06-04 23:56:00
"""time adversÃ¡rio nunca cai no chÃ£o"" #sqn âœ¨",1,u0074,2024-09-03 22:30:00
assistindo a sÃ©rie nova #feriado,0,u0292,2024-01-02 19:22:00
"jogo Ã s 21h, vamos! #timÃ£o",0,u0382,2025-07-17 17:18:00
"""wifi do aeroporto Ã© um foguete"" #aham ğŸ˜’ #streaming",1,u0117,2024-08-17 03:22:00
"fila do banco Ã s 17h, que sorte. o que poderia dar errado? ğŸ˜… #feriado",1,u0040,2024-09-06 09:42:00
"Ai, "" fila do banco Ã s 17h, que sorte "" excelente serviÃ§o ğŸ‘ ğŸ˜’",1,u0209,2024-03-23 19:02:00
"""entrega chegou antes do prazo"" #ironia ğŸ™„ #estudos",1,u0420,2024-01-28 17:12:00
finalmente chovendo aqui #streaming,0,u0262,2024-08-07 19:18:00
"Ai, "" ingresso baratinho "" sensacional, claro ğŸ™„",1,u0193,2024-11-17 07:16:00
"jogo Ã s 21h, vamos! ğŸµ",0,u0194,2024-02-13 09:45:00
cafÃ© passado na hora #timÃ£o,0,u0526,2025-07-31 03:03:00
promoÃ§Ã£o legal na loja do bairro. Achei bem interessante.,0,u0163,2025-01-23 12:52:00
"jogo Ã s 21h, vamos!",0,u0577,2024-02-21 09:31:00
"servidor reiniciou sozinho, sucesso, fila de uns 3 km!! ğŸ¤¡",1,u0354,2025-09-11 13:06:00
arrumei meu PC hoje. Boa semana a todos.,0,u0123,2024-06-01 09:24:00
"""conta de luz veio baixinha"" #aham ğŸ¤¡ #trabalho",1,u0366,2024-11-12 10:22:00
suco de laranja perfeito #streaming,0,u0046,2024-01-24 02:25:00
"conta de luz veio baixinha. tudo sob controle, nÃ© ğŸ”¥",1,u0537,2025-05-01 14:16:00
"motorista dando seta sempre, economizei uns trilhÃµes!! ğŸ™„ #timÃ£o",1,u0549,2024-10-19 07:17:00
"""entrega chegou antes do prazo"" #sarcasmo ğŸ”¥ #brasil",1,u0061,2024-06-04 04:51:00
"fila do banco Ã s 17h, que sorte, coisa mais rÃ¡pida do universo!! ğŸ¤¡",1,u0087,2025-09-13 13:13:00
cafÃ© passado na hora. Boa semana a todos.,0,u0125,2024-04-23 09:15:00
suco de laranja perfeito,0,u0578,2025-08-10 07:34:00
partiu academia #feriado,0,u0582,2025-04-22 17:41:00
"o debate elevou o nÃ­vel, nÃ©. isso que Ã© eficiÃªncia, certo? ğŸ˜‚ #chuva",1,u0282,2025-09-29 15:40:00
"que gestÃ£o exemplar da cidade, fila de uns 3 km!! ğŸ˜‚ #feriado",1,u0305,2024-05-18 14:11:00
Adoro quando pneu furado bem na chuva. #trabalho,1,u0465,2025-03-01 15:30:00
partiu academia. Boa semana a todos.,0,u0303,2025-06-15 14:09:00
foco no TCC #tecnologia,0,u0037,2024-01-07 08:24:00
promoÃ§Ã£o legal na loja do bairro. Achei bem interessante.,0,u0226,2024-05-23 10:59:00
Ã³tima aula hoje,0,u0120,2024-06-28 13:56:00
Ã³tima aula hoje. Boa semana a todos.,0,u0409,2024-07-23 03:08:00
"""Ã´nibus lotado Ã© meu spa diÃ¡rio"" #sÃ³quenÃ£o ğŸ˜…",1,u0239,2025-08-02 01:22:00
"suporte respondeu em 2 segundos, fila de uns 3 km!! ğŸ™„",1,u0082,2024-10-06 13:31:00
Adoro quando fila do mercado voando.,1,u0454,2025-04-13 10:59:00
Ã³tima aula hoje. Achei bem interessante.,0,u0364,2025-01-17 13:44:00
"garantia funciona perfeitamente. quem nunca, nÃ©? ğŸ˜‚ #trabalho",1,u0012,2025-04-09 02:43:00
SP sem trÃ¢nsito numa segunda aham tÃ¡ ğŸ”¥,1,u0055,2025-07-31 18:28:00
partiu academia #chuva,0,u0423,2024-10-19 20:03:00
Adoro quando wifi do aeroporto Ã© um foguete.,1,u0154,2024-07-24 04:50:00
partiu academia #bbb,0,u0396,2024-05-23 23:34:00
"garantia funciona perfeitamente, fila de uns 3 km!! ğŸ‘",1,u0330,2025-03-29 19:52:00
indo trabalhar agora â˜•,0,u0443,2025-01-05 12:36:00
arrumei meu PC hoje. Boa semana a todos.,0,u0144,2024-08-27 17:13:00
assistindo a sÃ©rie nova. Boa semana a todos.,0,u0358,2024-07-27 13:32:00
conta de luz veio baixinha sÃ³ que nÃ£o ğŸ˜…,1,u0384,2024-05-24 11:19:00
o Ã´nibus chegou no horÃ¡rio. Achei bem interessante.,0,u0298,2025-06-01 06:36:00
partiu academia. Achei bem interessante.,0,u0004,2024-10-13 19:43:00
Adoro quando time adversÃ¡rio nunca cai no chÃ£o. #trabalho,1,u0084,2024-05-25 02:03:00
"Ai, "" preÃ§o baixou muito esse mÃªs "" topÃ­ssimo!! ğŸ˜ #streaming",1,u0435,2024-10-22 21:25:00
"""trÃ¢nsito fluindo que Ã© uma beleza"" #aham ğŸ¤¡",1,u0001,2024-02-01 01:30:00
"bom dia, pessoal",0,u0501,2025-06-28 17:26:00
Adoro quando app nÃ£o caiu hoje.,1,u0351,2024-05-29 04:02:00
app nÃ£o caiu hoje sÃ³ que nÃ£o ğŸ˜‚ #trabalho,1,u0290,2024-08-04 04:48:00
promoÃ§Ã£o legal na loja do bairro,0,u0124,2024-09-03 06:04:00
Ã³tima aula hoje ğŸ™‚,0,u0458,2024-10-01 12:43:00
"transmissÃ£o sem travar, coisa mais rÃ¡pida do universo!! ğŸ™„",1,u0183,2024-06-30 13:01:00
"suporte respondeu em 2 segundos, economizei uns trilhÃµes!! ğŸ˜’ #promoÃ§Ã£o",1,u0589,2024-01-12 21:46:00
cafÃ© passado na hora. Boa semana a todos.,0,u0581,2025-01-17 01:39:00
cafÃ© passado na hora. Achei bem interessante.,0,u0250,2025-06-03 16:35:00
finalmente chovendo aqui. Boa semana a todos.,0,u0574,2024-09-07 21:25:00
arrumei meu PC hoje #promoÃ§Ã£o,0,u0345,2024-06-12 00:09:00
"bom dia, pessoal #promoÃ§Ã£o",0,u0130,2025-08-21 18:46:00
comeÃ§ando no Python,0,u0230,2025-03-02 18:19:00
"Ai, "" adoro pagar imposto pra isso "" show de bola!! ğŸ‘ #tecnologia",1,u0025,2024-04-15 11:49:00
"suporte respondeu em 2 segundos, esperando sÃ³ umas 27 horas!! âœ¨",1,u0590,2024-12-26 09:48:00
"""fila do banco Ã s 17h, que sorte"" #aham ğŸ˜’",1,u0102,2024-07-20 11:27:00
alguÃ©m indica um livro de IA? ğŸ“š,0,u0112,2025-05-04 04:29:00
"bom dia, pessoal. Achei bem interessante.",0,u0580,2025-07-29 06:23:00
suco de laranja perfeito #estudos,0,u0311,2025-03-21 08:40:00
"Ai, "" ingresso baratinho "" topÃ­ssimo!! âœ¨ #feriado",1,u0441,2024-02-22 09:38:00
conta de luz veio baixinha. imagina se fosse difÃ­cil ğŸ”¥,1,u0566,2024-01-07 05:44:00
motorista dando seta sempre. imagina se fosse difÃ­cil ğŸ¤¡ #timÃ£o,1,u0474,2025-01-26 01:54:00
partiu academia #tecnologia,0,u0054,2025-01-14 10:26:00
"""vizinho tocando funk 3am, amo"" #sÃ³quenÃ£o ğŸ˜…",1,u0437,2025-01-30 09:16:00
"pneu furado bem na chuva. isso que Ã© eficiÃªncia, certo? ğŸ‘ #trabalho",1,u0019,2024-11-28 18:38:00
alguÃ©m indica um livro de IA? #trabalho,0,u0530,2024-01-16 06:59:00
promoÃ§Ã£o legal na loja do bairro. Achei bem interessante.,0,u0363,2025-02-15 16:02:00
finalmente chovendo aqui. Boa semana a todos.,0,u0051,2024-01-18 11:21:00
Adoro quando transmissÃ£o sem travar. #promoÃ§Ã£o,1,u0560,2024-12-15 00:54:00
"""vizinho tocando funk 3am, amo"" #sqn ğŸ”¥ #promoÃ§Ã£o",1,u0093,2024-12-01 19:14:00
alguÃ©m indica um livro de IA?. Achei bem interessante.,0,u0426,2024-11-22 18:38:00
app nÃ£o caiu hoje sÃ³ que nÃ£o ğŸ¤¡ #promoÃ§Ã£o,1,u0516,2024-11-05 19:51:00
"preÃ§o baixou muito esse mÃªs. quem nunca, nÃ©? ğŸ˜‚",1,u0573,2025-04-21 09:43:00
"""time adversÃ¡rio nunca cai no chÃ£o"" #sqn ğŸ¤¡",1,u0532,2025-08-22 17:45:00
"Ã´nibus lotado Ã© meu spa diÃ¡rio, esperando sÃ³ umas 27 horas!! ğŸ‘",1,u0571,2024-05-31 13:08:00
o Ã´nibus chegou no horÃ¡rio âš½,0,u0326,2025-04-16 11:09:00
"backup terminou sem erro, esperando sÃ³ umas 27 horas!! ğŸ˜…",1,u0281,2024-07-31 20:13:00
Ã³tima aula hoje. Boa semana a todos.,0,u0452,2025-01-11 16:17:00
"transmissÃ£o sem travar. quem nunca, nÃ©? âœ¨",1,u0070,2025-03-04 05:52:00
"jogo Ã s 21h, vamos! #promoÃ§Ã£o",0,u0439,2025-01-09 04:12:00
"app nÃ£o caiu hoje, coisa mais rÃ¡pida do universo!! ğŸ˜‚ #streaming",1,u0600,2025-03-25 16:33:00
Adoro quando deploy de sexta Ã© tranquilo. #feriado,1,u0341,2024-08-27 13:02:00
assistindo a sÃ©rie nova ğŸ§ ,0,u0024,2025-05-29 01:53:00
o Ã´nibus chegou no horÃ¡rio. Achei bem interessante.,0,u0026,2025-03-24 01:08:00
"""transparÃªncia nÃ­vel mÃ¡ximo"" #ironia ğŸ¤¡",1,u0069,2024-04-28 03:15:00
"vizinho tocando funk 3am, amo, coisa mais rÃ¡pida do universo!! ğŸ˜’",1,u0235,2024-11-01 20:32:00
"Ai, "" wifi do aeroporto Ã© um foguete "" topÃ­ssimo!! ğŸ˜‚",1,u0275,2025-03-16 05:08:00
comeÃ§ando no Python. Achei bem interessante.,0,u0208,2025-06-20 15:56:00
"Ai, "" motorista dando seta sempre "" ameiâ€¦ ğŸ™„ #trabalho",1,u0168,2024-07-21 05:38:00
assistindo a sÃ©rie nova. Boa semana a todos.,0,u0543,2025-05-29 22:49:00
Ã´nibus lotado Ã© meu spa diÃ¡rio. o que poderia dar errado? ğŸ˜,1,u0495,2025-08-27 10:55:00
promoÃ§Ã£o legal na loja do bairro ğŸŒ§ï¸,0,u0302,2024-10-27 10:06:00
adoro pagar imposto pra isso aham tÃ¡ ğŸ¤¡ #estudos,1,u0246,2025-03-20 11:46:00
trÃ¢nsito fluindo que Ã© uma beleza. imagina se fosse difÃ­cil âœ¨ #streaming,1,u0136,2024-09-12 02:28:00
"""pneu furado bem na chuva"" #sarcasmo ğŸ”¥",1,u0047,2024-10-08 18:03:00
indo trabalhar agora. Achei bem interessante.,0,u0322,2024-06-21 18:37:00
arrumei meu PC hoje. Boa semana a todos.,0,u0324,2025-07-24 16:08:00
"adoro pagar imposto pra isso. quem nunca, nÃ©? ğŸ™„",1,u0007,2024-12-11 12:17:00
"que gestÃ£o exemplar da cidade, atendimento nÃ­vel NASA!! ğŸ™„ #timÃ£o",1,u0473,2025-01-18 07:01:00
cafÃ© passado na hora. Boa semana a todos.,0,u0531,2025-04-12 18:03:00
promoÃ§Ã£o legal na loja do bairro. Boa semana a todos.,0,u0469,2024-10-19 17:00:00
"""mais uma promessa cumprida"" #sÃ³quenÃ£o ğŸ™„",1,u0150,2025-07-15 23:38:00
cafÃ© passado na hora. Boa semana a todos.,0,u0355,2025-07-04 21:52:00
promoÃ§Ã£o legal na loja do bairro ğŸ§ ,0,u0126,2024-09-02 17:20:00
comeÃ§ando no Python,0,u0097,2024-09-07 23:02:00
"Ai, "" motorista dando seta sempre "" que alegriaâ€¦ ğŸ™„ ğŸ¤¡",1,u0362,2024-10-09 17:00:00
partiu academia #tecnologia,0,u0098,2024-11-05 04:42:00
Adoro quando mais uma promessa cumprida.,1,u0276,2024-10-05 09:38:00
arrumei meu PC hoje ğŸµ,0,u0247,2024-07-27 10:41:00
Adoro quando acordei e o cafÃ© derramou no teclado. #brasil,1,u0375,2024-09-10 06:53:00
partiu academia. Achei bem interessante.,0,u0195,2025-04-27 23:46:00
juiz Ã© imparcialÃ­ssimo. o que poderia dar errado? ğŸ‘ #timÃ£o,1,u0141,2025-02-17 16:52:00
Ã³tima aula hoje. Boa semana a todos.,0,u0546,2025-04-16 05:46:00
transparÃªncia nÃ­vel mÃ¡ximo aham tÃ¡ âœ¨ #brasil,1,u0212,2024-04-03 23:33:00
"bom dia, pessoal. Achei bem interessante.",0,u0220,2024-08-14 23:09:00
indo trabalhar agora. Achei bem interessante.,0,u0503,2024-02-04 14:38:00
promoÃ§Ã£o legal na loja do bairro #bbb,0,u0027,2025-02-06 19:47:00
finalmente chovendo aqui #feriado,0,u0049,2025-01-09 01:25:00
"""Ã¡rbitro viu tudo certinho"" #sarcasmo ğŸ¤¡ #timÃ£o",1,u0089,2025-04-10 02:42:00
"""conta de luz veio baixinha"" #aham ğŸ¤¡",1,u0442,2024-04-16 04:16:00
"""adoro pagar imposto pra isso"" #aham ğŸ™„ #streaming",1,u0597,2024-08-07 17:08:00
Adoro quando acordei e o cafÃ© derramou no teclado.,1,u0297,2024-11-05 20:26:00
"jogo Ã s 21h, vamos!",0,u0148,2024-07-01 17:25:00
cafÃ© passado na hora. Achei bem interessante.,0,u0264,2025-05-16 22:36:00
entrega chegou antes do prazo sÃ³ que nÃ£o ğŸ˜’ #trabalho,1,u0269,2025-03-24 22:31:00
"Adoro quando servidor reiniciou sozinho, sucesso.",1,u0149,2025-01-25 12:42:00
transparÃªncia nÃ­vel mÃ¡ximo sqn ğŸ‘ #promoÃ§Ã£o,1,u0588,2024-08-23 18:14:00
o Ã´nibus chegou no horÃ¡rio. Achei bem interessante.,0,u0329,2025-03-04 07:55:00
"Ai, "" pneu furado bem na chuva "" sensacional, claro ğŸ˜…",1,u0064,2024-10-12 11:41:00
comeÃ§ando no Python. Boa semana a todos.,0,u0478,2025-06-21 10:44:00
acordei e o cafÃ© derramou no teclado. o que poderia dar errado? ğŸ”¥,1,u0361,2024-11-16 18:27:00
indo trabalhar agora. Boa semana a todos.,0,u0378,2024-04-07 05:08:00
partiu academia,0,u0057,2025-03-10 02:27:00
cafÃ© passado na hora #bbb,0,u0058,2024-11-06 19:34:00
Adoro quando garantia funciona perfeitamente.,1,u0507,2024-01-10 03:04:00
"Ai, "" preÃ§o baixou muito esse mÃªs "" sensacional, claro ğŸ™„ #tecnologia",1,u0219,2024-11-19 03:47:00
"Ai, "" entrega chegou antes do prazo "" que alegriaâ€¦ ğŸ™„ ğŸ¤¡",1,u0182,2025-04-15 17:07:00
partiu academia,0,u0353,2024-12-04 05:46:00
"""juiz Ã© imparcialÃ­ssimo"" #aham ğŸ˜‚",1,u0557,2024-08-30 05:26:00
alguÃ©m indica um livro de IA?,0,u0155,2024-07-24 04:15:00
promoÃ§Ã£o legal na loja do bairro,0,u0487,2024-05-11 03:25:00
trÃ¢nsito fluindo que Ã© uma beleza sÃ³ que nÃ£o ğŸ˜‚,1,u0232,2025-01-15 17:59:00
"""o debate elevou o nÃ­vel, nÃ©"" #sÃ³quenÃ£o ğŸ˜…",1,u0404,2024-10-06 14:57:00
assistindo a sÃ©rie nova. Achei bem interessante.,0,u0184,2025-04-29 07:54:00
fila do mercado voando sÃ³ que nÃ£o ğŸ‘ #tecnologia,1,u0105,2024-08-16 00:42:00
time adversÃ¡rio nunca cai no chÃ£o sÃ³ que nÃ£o ğŸ˜,1,u0031,2025-06-27 00:38:00
alguÃ©m indica um livro de IA?. Boa semana a todos.,0,u0140,2024-09-30 10:19:00
"jogo Ã s 21h, vamos! ğŸ™‚",0,u0304,2024-05-01 14:19:00
"Ai, "" fila do banco Ã s 17h, que sorte "" show de bola!! ğŸ˜‚ #bbb",1,u0030,2024-09-25 05:47:00
cafÃ© passado na hora,0,u0199,2024-03-11 15:02:00
Adoro quando acordei e o cafÃ© derramou no teclado.,1,u0333,2025-07-18 23:55:00
"pneu furado bem na chuva, economizei uns trilhÃµes!! ğŸ‘ #promoÃ§Ã£o",1,u0400,2025-01-21 14:59:00
cafÃ© passado na hora âš½,0,u0421,2024-01-04 00:19:00
fila do mercado voando aham tÃ¡ âœ¨,1,u0189,2024-07-03 05:11:00
o Ã´nibus chegou no horÃ¡rio #estudos,0,u0425,2024-12-10 16:53:00
alguÃ©m indica um livro de IA?,0,u0043,2024-01-27 23:11:00
comeÃ§ando no Python,0,u0291,2025-06-20 11:04:00
"servidor reiniciou sozinho, sucesso aham tÃ¡ ğŸ™„ #streaming",1,u0518,2024-07-17 11:43:00
motorista dando seta sempre aham tÃ¡ ğŸ¤¡,1,u0365,2024-09-14 01:05:00
o Ã´nibus chegou no horÃ¡rio. Boa semana a todos.,0,u0186,2025-09-03 17:01:00
"""que gestÃ£o exemplar da cidade"" #sÃ³quenÃ£o ğŸ˜’ #chuva",1,u0076,2024-09-25 18:24:00
"Ai, "" time adversÃ¡rio nunca cai no chÃ£o "" tÃ¡ Ã³timo ğŸ˜’ #brasil",1,u0273,2025-04-06 03:51:00
"Ai, "" garantia funciona perfeitamente "" sensacional, claro ğŸ¤¡ #feriado",1,u0447,2024-10-08 00:36:00
alguÃ©m indica um livro de IA? ğŸ‘,0,u0332,2024-02-21 09:24:00
comeÃ§ando no Python. Boa semana a todos.,0,u0075,2025-05-03 20:12:00
Adoro quando motorista dando seta sempre.,1,u0413,2024-07-21 13:07:00
"""vizinho tocando funk 3am, amo"" #ironia ğŸ‘",1,u0524,2024-10-27 11:23:00
"Ai, "" juiz Ã© imparcialÃ­ssimo "" nota 1000!! âœ¨",1,u0313,2024-07-22 02:37:00
alguÃ©m indica um livro de IA?. Boa semana a todos.,0,u0181,2024-05-05 08:28:00
Adoro quando transmissÃ£o sem travar.,1,u0491,2025-07-03 10:01:00
"Ai, "" fila do banco Ã s 17h, que sorte "" nota 1000!! ğŸ¤¡",1,u0592,2024-07-15 13:42:00
"Ai, "" o debate elevou o nÃ­vel, nÃ© "" tÃ¡ Ã³timo ğŸ”¥",1,u0547,2024-07-07 01:16:00
suco de laranja perfeito. Boa semana a todos.,0,u0173,2024-12-13 05:31:00
cafÃ© passado na hora. Boa semana a todos.,0,u0519,2024-02-26 14:08:00
foco no TCC. Achei bem interessante.,0,u0349,2025-03-10 17:24:00
assistindo a sÃ©rie nova ğŸŒ,0,u0223,2025-09-11 10:53:00
comeÃ§ando no Python. Achei bem interessante.,0,u0295,2025-05-09 21:31:00
"Ã´nibus passando no horÃ¡rio, atendimento nÃ­vel NASA!! ğŸ˜ #brasil",1,u0383,2024-05-14 00:22:00
cafÃ© passado na hora. Boa semana a todos.,0,u0399,2024-09-03 06:37:00
"time adversÃ¡rio nunca cai no chÃ£o. isso que Ã© eficiÃªncia, certo? ğŸ‘",1,u0016,2025-07-07 13:37:00
arrumei meu PC hoje. Achei bem interessante.,0,u0294,2025-05-22 01:22:00
suco de laranja perfeito â˜•,0,u0312,2025-08-14 23:20:00
time adversÃ¡rio nunca cai no chÃ£o sÃ³ que nÃ£o âœ¨ #promoÃ§Ã£o,1,u0079,2024-08-12 21:20:00
"""motorista dando seta sempre"" #sqn ğŸ˜… #streaming",1,u0011,2025-01-08 05:23:00
